{"cameraMode":{"drawMode":0,"name":"Shaded","section":"Shading Mode"},"sceneLighting":true,"audioPlay":false,"sceneViewState":{"showFog":true,"showMaterialUpdate":false,"showSkybox":true,"showFlares":true,"showImageEffects":true,"showParticleSystems":true},"in2DMode":false,"pivot":{"x":1.3034324645996094,"y":0.8141424655914307,"z":-1.3411657810211182},"rotation":{"x":-0.1409088522195816,"y":-0.38095033168792727,"z":0.058864936232566836,"w":-0.9119006395339966},"size":2.5779716968536379,"orthographic":false}