{"cameraMode":{"drawMode":0,"name":"Shaded","section":"Shading Mode"},"sceneLighting":true,"audioPlay":false,"sceneViewState":{"showFog":true,"showMaterialUpdate":false,"showSkybox":true,"showFlares":true,"showImageEffects":true,"showParticleSystems":true},"in2DMode":false,"pivot":{"x":0.09335637837648392,"y":0.8582774996757507,"z":0.05032273381948471},"rotation":{"x":-0.11553008109331131,"y":0.690015435218811,"z":-0.11299026012420654,"w":-0.7055283784866333},"size":1.0168393850326539,"orthographic":false}