{"cameraMode":{"drawMode":0,"name":"Shaded","section":"Shading Mode"},"sceneLighting":true,"audioPlay":false,"sceneViewState":{"showFog":true,"showMaterialUpdate":false,"showSkybox":true,"showFlares":true,"showImageEffects":true,"showParticleSystems":true},"in2DMode":false,"pivot":{"x":0.8917428255081177,"y":0.1006777286529541,"z":-0.1361861526966095},"rotation":{"x":-0.11180488020181656,"y":-0.11571277678012848,"z":0.013108653016388417,"w":-0.9868862628936768},"size":4.0107574462890629,"orthographic":false}